{
  "exact_match": 0.0,
  "keyword_coverage": 0.5555555555555556,
  "groundedness": 0.5317460317460317,
  "llm_judge": 0.5334
}